district_id,avg_damage_severity
12,2.8642762756657856
20,2.8786309619049004
22,4.310015006843781
21,3.5546133897495396
23,4.681128227087817
24,3.4928228200654976
28,4.24305231503085
29,4.54405251502689
30,3.890262785844124
31,2.3455062971184915
36,3.7624689397238518
