age_bin,avg_damage
0,3.1035369113715814
130,3.9038461538461537
50,4.091121099050204
110,4.032258064516129
190,4.230769230769231
990,3.587468193384224
150,4.184873949579832
170,3.2916666666666665
10,3.651735678194107
120,3.9774436090225564
100,4.091039770004792
160,3.85
200,4.130769230769231
80,4.085054306256692
140,3.7
180,3.772727272727273
30,4.022238381701593
90,4.001278772378517
20,3.9035939577648517
70,4.080333333333333
60,4.069037294015612
40,4.046570153590702
